{
    "mapping": {
        "Home & Garden": "HG",
        "Power Tools BE": "BE",
        "Accessories PRO": "AC",
        "Power Tools BI": "BI",
        "Production Tools": "BI",
        "Accessories DIY": "AC",
        "Bosch Power Tools ": {
            " Corporate": "Corporate"
        },
        "Empty": "Other",
        "MASTER": "ignore",
        "CAM": "ignore",
        "MIE": "ignore",
        "AFR": "ignore",
        "00": "ignore",
        "ago": "Language_cleansing",
        "all images": "Language_cleansing",
        "all languages": "Language_cleansing",
        "ar": "Language_ar_AE",
        "be": "Language_bg_BG",
        "bg": "Language_be_BY",
        "cn": "Language_cleansing",
        "cs": "Language_cs_CZ",
        "da": "Language_da_DK",
        "de": "Language_de_DE",
        "ee": "Language_et_EE",
        "el": "Language_el_GR",
        "en": "Language_en_GB",        
        "en-GB": "Language_en_GB",
        "en-US": "Language_cleansing",
        "es": "Language_es_ES",
        "et": "Language_et_EE",
        "fa": "Language_fa_IR",
        "fi": "Language_fi_FI",
        "fl": "Language_cleansing",
        "fr": "Language_fr_FR",
        "he": "Language_he_IL",
        "hi": "Language_cleansing",
        "hr": "Language_hr_HR",
        "hu": "Language_hu_HU",
        "id": "Language_id_ID",
        "in": "Language_cleansing",
        "int": "Language_cleansing",
        "it": "Language_it_IT",
        "IW": "Language_cleansing",
        "ja": "Language_ja_JP",
        "ka": "Language_cleansing",
        "kk": "Language_kk_KZ",
        "ko": "Language_ko_KR",
        "kr": "Language_cleansing",
        "lt": "Language_lt_LT",
        "lv": "Language_lv_LV",
        "mk": "Language_mk_MK",
        "my": "Language_cleansing",
        "neutral": "Language_cleansing",
        "nl": "Language_nl_NL",
        "no": "Language_nb_NO",
        "other": "Language_cleansing",
        "ph": "Language_cleansing",
        "pl": "Language_pl_PL",
        "pt-BR": "Language_pt_BR",
        "pt": "Language_pt_PT",
        "pt-PT": "Language_pt_PT",
        "ro": "Language_ro_RO",
        "ru": "Language_ru_RU",
        "sk": "Language_sk_SK",
        "sl": "Language_sl_SI",
        "sq": "Language_cleansing",
        "sr": "Language_sr_RS",
        "th": "Language_sv_SE",
        "tr": "Language_th_TH",
        "uk": "Language_tr_TR",
        "vi": "Language_uk_UA",
        "zh": "Language_vi_VN",
        "zh-CN": "Language_vi_VN",
        "zh-TW": "Language_zh_HK",
        "zhs": "Language_zh_TW",
        "zht": "Language_cleansing"
    }
}