{
  "client_id": "51CQH4Y5-51CQ",
  "API_URL": "https://boschpowertools.aprimo.com/api/oauth/create-native-token",
  "User_Token": "6a640f017cb84ef3831323b820357ca7",
  "Auth_Token": "YXBpLnVzZXI6NmE2NDBmMDE3Y2I4NGVmMzgzMTMyM2I4MjAzNTdjYTc=",
  "BaseURL": "https://boschpowertools.dam.aprimo.com/api/",
  "MainURL": "https://boschpowertools.aprimo.com/",
  "GetRecord_URL": "https://boschpowertools.dam.aprimo.com/api/core/record/",
  "CreateRecord": "https://boschpowertools.dam.aprimo.com/api/core/records",
  "Upload_Segments_URL": "https://boschpowertools.aprimo.com/uploads/segments",
  "Upload_URL": "https://boschpowertools.dam.aprimo.com/api/core/uploads",
  "SearchAsset": "https://boschpowertools.dam.aprimo.com/api/core/records?filter=FieldName('mpe_obj_id')=",
  "GetClassification": "https://boschpowertools.dam.aprimo.com/api/core/classification?namePath=",
  "GetClassificationByName": "https://boschpowertools.dam.aprimo.com/api/core/classifications?filter=name=",
  "GetClassificationByID": "https://boschpowertools.dam.aprimo.com/api/core/classifications?filter=identifier=",
  "SearchFieldByName":"https://boschpowertools.dam.aprimo.com/api/core/fielddefinitions?filter=name=",
  "SearchUser": "https://boschpowertools.aprimo.com/api/users/search",
  "Api_version": "1",
  "sourcePathOld": "/PRIMA/outgoing/aPrimo/Q/full",
  "sourcePath": "/PRIMA/outgoing/aPrimo/Q/gateB-TEST",
  "targetPath": "./ftp-temp",
  "checkin": "./ftp-temp/checkindataprod.xlsx",
  "signature": "signature.info",
  "imgFolderPath": "./ftp-temp/binary/",
  "tempAssetID": "67a1b798cbb74b319acaaff2007ad7be",
  "azcopy": true,
  "masterDeltaData": "_MasterData-Delta.csv",
  "checkInDelta": "./ftp-temp/checkInDeltaProd.xlsx",
  "addOrUpdateOption":"https://boschpowertools.dam.aprimo.com/api/core/fielddefinition/",
  "CreateClass": "https://boschpowertools.dam.aprimo.com/api/core/classifications",
  "defaultAssetOwner": "90d80b96-a5d5-4564-ad61-af7101215a33",
  "worker": 8,
  "proxyServerInfo":{
    "protocol": "http",
    "host": "bpmigration.gateb.com",
    "port": "8008",
    "auth": {
      "username": "squid",
      "password": "Qm9vdjRvOkpvdGg0d296"
    } 
  }
}
