{
    "languagemapping": {
        "ago": "ignore",
        "all images": "ignore",
        "all languages": "ignore",
        "ar": "ar-AE",
        "be": "bg-BG",
        "bg": "be-BY",
        "cn": "ignore",
        "cs": "cs-CZ",
        "da": "da-DK",
        "de": "de-DE",
        "ee": "et-EE",
        "el": "el-GR",
        "en": "en-GB",
        "en-GB": "en-GB",
        "en-US": "en-GB",
        "es": "es-ES",
        "et": "et-EE",
        "fa": "fa-IR",
        "fi": "fi-FI",
        "fl": "ignore",
        "fr": "fr-FR",
        "he": "he-IL",
        "hi": "ignore",
        "hr": "hr-HR",
        "hu": "hu-HU",
        "id": "id-ID",
        "in": "ignore",
        "int": "ignore",
        "it": "it-IT",
        "IW": "ignore",
        "ja": "ja-JP",
        "ka": "ignore",
        "kk": "kk-KZ",
        "ko": "ko-KR",
        "kr": "ignore",
        "lt": "lt-LT",
        "lv": "lv-LV",
        "mk": "mk-MK",
        "my": "ignore",
        "neutral": "ignore",
        "nl": "nl-NL",
        "no": "nb-NO",
        "other": "ignore",
        "ph": "ignore",
        "pl": "pl-PL",
        "pt-BR": "pt-BR",
        "pt": "pt-PT",
        "pt-PT": "pt-PT",
        "ro": "ro-RO",
        "ru": "be-BY",
        "sk": "sk-SK",
        "sl": "sl-SI",
        "sq": "ignore",
        "sr": "sr-RS",
        "th": "th-TH",
        "tr": "tr-TR",
        "uk": "uk-UA",
        "vi": "vi-VN",
        "zh": "zh-CN",
        "zh-CN": "zh-CN",
        "zh-TW": "zh-TW",
        "zhs": "ignore",
        "zht": "ignore"
    }
}