{
    "fieldIDs": {
        "86": "094a459294f84f1b9481afbd0062b440",
        "AssetType_ProductMarketingLabel": "d7f5e7f3f42142aca113aff800723995",
        "mpe_ok": "0edeeb5123d64fcc814caf5e00e08cfb",
        "Product image": "ab16cb77673245c2bb26afbd007ee07f",
        "TRADE_LABEL_BRAND": {
            "Private Brand": "5905fc18c49f43ceb3e8afcf004c0d85"
        },
        "TRADE_LABEL_PERSPECTIVE": {
            "frontal": "9633281405f94b95a511afcf00584a37",
            "angle": "466683e2ce8c42b195ecafcf00584a37"
        },
        "Ownership_AC": "74cfc061e3744b218794b00000a03686",
        "ReleaseInfoRestricted": "9d0e312e12fb411fa67bb00000a06ca8",
        "mpe_locked": "8c46cfc54c654fc2b07caf5e00e06a2c"
    }
}