{
  "client_id": "JROHFIO2-JROH",
  "API_URL": "https://boschpowertools-sb1.aprimo.com/api/oauth/create-native-token",
  "User_Token": "6a414660f1ee482f8c7ea91feba65d79",
  "Auth_Token": "TmlkaGkuU2hhcm1hOjZhNDE0NjYwZjFlZTQ4MmY4YzdlYTkxZmViYTY1ZDc5",
  "BaseURL": "https://boschpowertools-sb1.dam.aprimo.com/api/",
  "MainURL": "https://boschpowertools-sb1.aprimo.com/",
  "GetRecord_URL": "https://boschpowertools-sb1.dam.aprimo.com/api/core/record/",
  "CreateRecord": "https://boschpowertools-sb1.dam.aprimo.com/api/core/records",
  "Upload_Segments_URL": "https://boschpowertools-sb1.aprimo.com/uploads/segments",
  "Upload_URL": "https://boschpowertools-sb1.dam.aprimo.com/api/core/uploads",
  "SearchAsset": "https://boschpowertools-sb1.dam.aprimo.com/api/core/records?filter=FieldName('mpe_obj_id')=",
  "GetClassification": "https://boschpowertools-sb1.dam.aprimo.com/api/core/classification?namePath=",
  "GetClassificationByName": "https://boschpowertools-sb1.dam.aprimo.com/api/core/classifications?filter=name=",
  "GetClassificationByID": "https://boschpowertools-sb1.dam.aprimo.com/api/core/classifications?filter=identifier=",
  "SearchFieldByName":"https://boschpowertools-sb1.dam.aprimo.com/api/core/fielddefinitions?filter=name=",
  "SearchUser": "https://boschpowertools-sb1.aprimo.com/api/users/search",
  "Api_version": "1",
  "sourcePathOld": "/PRIMA/outgoing/aPrimo/Q/full",
  "sourcePath": "/PRIMA/outgoing/aPrimo/Q/gateB-TEST",
  "targetPath": "./ftp-temp",
  "checkin": "./ftp-temp/checkindata.xlsx",
  "signature": "signature.info",
  "imgFolderPath": "./ftp-temp/binary/",
  "tempAssetID": "67a1b798cbb74b319acaaff2007ad7be",
  "azcopy": true,
  "defaultAssetOwner": "90d80b96-a5d5-4564-ad61-af7101215a33",
  "worker": 8,
  "proxyServerInfo":{
    "protocol": "http",
    "host": "bpmigration.gateb.com",
    "port": "8008",
    "auth": {
      "username": "squid",
      "password": "Qm9vdjRvOkpvdGg0d296"
    } 
  }
}
